{"cameraMode":{"drawMode":0,"name":"Shaded","section":"Shading Mode"},"sceneLighting":false,"audioPlay":false,"sceneViewState":{"showFog":true,"showMaterialUpdate":false,"showSkybox":false,"showFlares":true,"showImageEffects":true,"showParticleSystems":true},"in2DMode":false,"pivot":{"x":0.0,"y":0.8618504405021668,"z":-0.03161853551864624},"rotation":{"x":-0.08222844451665878,"y":0.4682251214981079,"z":-0.04381708428263664,"w":-0.8786836862564087},"size":1.4145631790161133,"orthographic":false}