{"cameraMode":{"drawMode":0,"name":"Shaded","section":"Shading Mode"},"sceneLighting":true,"audioPlay":false,"sceneViewState":{"showFog":true,"showMaterialUpdate":false,"showSkybox":true,"showFlares":true,"showImageEffects":true,"showParticleSystems":true},"in2DMode":false,"pivot":{"x":44.40678024291992,"y":2.5321555137634279,"z":24.560710906982423},"rotation":{"x":0.04314567148685455,"y":-0.9397830963134766,"z":0.12938189506530763,"w":0.313438355922699},"size":9.211339950561524,"orthographic":false}