{"cameraMode":{"drawMode":0,"name":"Shaded","section":"Shading Mode"},"sceneLighting":false,"audioPlay":false,"sceneViewState":{"showFog":true,"showMaterialUpdate":false,"showSkybox":false,"showFlares":true,"showImageEffects":true,"showParticleSystems":true},"in2DMode":false,"pivot":{"x":0.10230422019958496,"y":0.9406084418296814,"z":-0.04595804214477539},"rotation":{"x":-0.009099828079342842,"y":0.9886162281036377,"z":-0.13459226489067079,"w":-0.06684574484825134},"size":1.1700927019119263,"orthographic":false}