{"cameraMode":{"drawMode":0,"name":"Shaded","section":"Shading Mode"},"sceneLighting":false,"audioPlay":false,"sceneViewState":{"showFog":true,"showMaterialUpdate":false,"showSkybox":false,"showFlares":true,"showImageEffects":true,"showParticleSystems":true},"in2DMode":false,"pivot":{"x":0.0,"y":0.8591207265853882,"z":-0.04096747934818268},"rotation":{"x":-0.08222844451665878,"y":0.4682251214981079,"z":-0.04381708428263664,"w":-0.8786836862564087},"size":1.4191395044326783,"orthographic":false}