{"cameraMode":{"drawMode":0,"name":"Shaded","section":"Shading Mode"},"sceneLighting":false,"audioPlay":false,"sceneViewState":{"showFog":true,"showMaterialUpdate":false,"showSkybox":false,"showFlares":true,"showImageEffects":true,"showParticleSystems":true},"in2DMode":false,"pivot":{"x":13.879374504089356,"y":1.0620090961456299,"z":16.858747482299806},"rotation":{"x":0.010705800727009774,"y":0.9862428903579712,"z":0.07082478702068329,"w":-0.14906863868236543},"size":1.8327572345733643,"orthographic":false}