{"cameraMode":{"drawMode":0,"name":"Shaded","section":"Shading Mode"},"sceneLighting":false,"audioPlay":false,"sceneViewState":{"showFog":true,"showMaterialUpdate":false,"showSkybox":false,"showFlares":true,"showImageEffects":true,"showParticleSystems":true},"in2DMode":false,"pivot":{"x":-0.12316709756851196,"y":1.5611088275909424,"z":-0.12030977010726929},"rotation":{"x":-0.03749096021056175,"y":0.9272373914718628,"z":-0.09660347551107407,"w":-0.3598540425300598},"size":0.5191394090652466,"orthographic":false}